[
    {
        "userid": 41675425751,
        "username": "babypubg_",
        "photo": "https:\/\/instagram.fkno4-1.fna.fbcdn.net\/v\/t51.2885-19\/s150x150\/119538967_176028874017741_8136929393301102061_n.jpg?_nc_ht=instagram.fkno4-1.fna.fbcdn.net&_nc_cat=109&_nc_ohc=GZwFHoIUQLsAX-ker9V&oh=5f12abbd4b1ba94147c586b5e8126419&oe=5F9D39D2",
        "cookie": "ds_user=babypubg_;csrftoken=0lvLz8fpX96WUJDUCl4ObabB9j1LSG9y;rur=ATN;mid=X3IelQABAAEaGkK_xaU_uemzTasy;ds_user_id=41675425751;urlgen=\"{\\\"114.122.20.210\\\": 23693}:1kMx2U:4l2U3O30vDmEiLu7RxmV0ixST5w\";sessionid=41675425751%3AjaWlo9ocuGVKpp%3A26;",
        "csrftoken": "0lvLz8fpX96WUJDUCl4ObabB9j1LSG9y",
        "uuid": "023f663d-afaf-41a0-ba36-e96c271128f9",
        "cookiepath": ".\/data\/babypubg_",
        "password": "apalahkau"
    }
]