{
	"logged_in_user": {
		"pk": 9868652404,
		"username": "relaxing.media",
		"full_name": "Relaxing Media",
		"is_private": false,
		"profile_pic_url": "https://instagram.fcgk18-2.fna.fbcdn.net/v/t51.2885-19/s150x150/104307119_305434823951354_7692373176389732433_n.jpg?_nc_ht=instagram.fcgk18-2.fna.fbcdn.net\u0026_nc_cat=102\u0026_nc_ohc=as14Fa8pXF0AX9IrCPM\u0026oh=939ce24f1c0dcb23c71a537632de272e\u0026oe=5F3AAF27",
		"profile_pic_id": "2332332807793181419_9868652404",
		"is_verified": false,
		"has_anonymous_profile_picture": false,
		"can_boost_post": false,
		"is_business": false,
		"account_type": 1,
		"professional_conversion_suggested_account_type": 2,
		"is_call_to_action_enabled": null,
		"can_see_organic_insights": false,
		"show_insights_terms": false,
		"total_igtv_videos": 0,
		"reel_auto_archive": "on",
		"has_placed_orders": false,
		"allowed_commenter_type": "any",
		"nametag": {
			"mode": 0,
			"gradient": 2,
			"emoji": "\ud83d\ude00",
			"selfie_sticker": 0
		},
		"is_using_unified_inbox_for_direct": false,
		"interop_messaging_user_fbid": 118577952861452,
		"can_see_primary_country_in_settings": false,
		"account_badges": [

		],
		"allow_contacts_sync": true,
		"phone_number": ""
	},
	"status": "ok"
}