      {
        "pictureResponse": {
          "data": {
            "height": 100,
            "is_silhouette": false,
            "url": "https://scontent.xx.fbcdn.net/v/t1.0-1/p100x100/65307879_471865026719017_5286366118670237696_o.jpg?_nc_cat=108\u0026_nc_sid=0c64ff\u0026_nc_ht=scontent.xx\u0026_nc_tp=6\u0026oh=acbf9defe9864b774be0dd9138ea8b72\u0026oe=5F3651B2",
            "width": 100
          }
        },
        "meResponse": {
          "id": "100016865703374",
          "name": "Riedayme",
          "email": "programmer.irfaan@gmail.com"
        },
        "igAccount": {
          "profilePictureUrl": "https://instagram.fmnl3-2.fna.fbcdn.net/v/t51.2885-19/44884218_345707102882519_2446069589734326272_n.jpg?_nc_ht=instagram.fmnl3-2.fna.fbcdn.net\u0026_nc_ohc=fTIyv_ZY0jwAX9NC_m_\u0026oh=9f142f47f488b1a2e8e3c90a03b95b67\u0026oe=5F3B398F\u0026ig_cache_key=YW5vbnltb3VzX3Byb2ZpbGVfcGlj.2",
          "username": "riedayme"
        },
        "status": "ok"
      }